,date,USD,GBP,EUR,JPY100,CHF,AUD,CAD,SGD,HKD100,THB100,PHP100,TWD100,KRW100,IDR100,SAR100,SDR,CNY,BND,VND100,KHR100,NZD,MMK100,INR100,AED100,PKR100,NPR100,EGP
0,1 Oct 2020,4.1480,5.3656,4.8712,3.9331,4.5109,2.9772,3.1201,3.0423,53.5215,13.1307,8.5533,14.3530,0.3564,0.0279,110.5868,5.8386,0.6108,3.0423,0.0179,0.1009,2.7497,0.3178,5.6382,112.9276,2.5026,3.5144,0.2631
1,2 Oct 2020,4.1605,5.3514,4.8744,3.9382,4.5181,2.9787,3.1284,3.0465,53.6828,13.1537,8.5860,14.3847,0.3570,0.0280,110.9230,5.8685,0.6127,3.0465,0.0179,0.1010,2.7617,0.3188,5.6807,113.2679,2.5185,3.5548,0.2642
2,5 Oct 2020,4.1595,5.3820,4.8783,3.9417,4.5365,2.9863,3.1326,3.0532,53.6706,13.1964,8.5871,14.4002,0.3578,0.0280,110.8934,5.8652,0.6125,3.0532,0.0179,0.1010,2.7640,0.3190,5.6750,113.2407,2.5264,3.5539,0.2649
3,6 Oct 2020,4.1500,5.3902,4.8937,3.9275,4.5373,2.9841,3.1315,3.0535,53.5480,13.2673,8.5767,14.4453,0.3574,0.0282,110.6401,5.8594,0.6111,3.0535,0.0179,0.1008,2.7591,0.3195,5.6691,112.9821,2.5227,3.5388,0.2638
4,7 Oct 2020,4.1595,5.3587,4.8787,3.9354,4.5291,2.9603,3.1227,3.0540,53.6706,13.2764,8.5830,14.4658,0.3580,0.0282,110.8934,5.8771,0.6125,3.0540,0.0179,0.1010,2.7403,0.3217,5.6555,113.2407,2.5304,3.5391,0.2646
5,8 Oct 2020,4.1555,5.3731,4.8912,3.9205,4.5326,2.9679,3.1345,3.0573,53.6190,13.3061,8.5889,14.4736,0.3592,0.0282,110.7838,5.8642,0.6119,3.0573,0.0179,0.1009,2.7312,0.3226,5.6653,113.1318,2.5285,3.5413,0.2645
6,9 Oct 2020,4.1475,5.3737,4.8849,3.9185,4.5303,2.9781,3.1456,3.0575,53.5158,13.3232,8.5870,14.4906,0.3618,0.0282,110.5646,5.8542,0.6179,3.0575,0.0179,0.1007,2.7409,0.3245,5.6683,112.9140,2.5348,3.5391,0.2640
7,12 Oct 2020,4.1385,5.3933,4.8905,3.9229,4.5438,2.9915,3.1512,3.0557,53.3997,13.3156,8.5566,14.4607,0.3603,0.0281,110.3276,5.8543,0.6158,3.0557,0.0179,0.1005,2.7575,0.3248,5.6680,112.6690,2.5266,3.5367,0.2646
8,13 Oct 2020,4.1550,5.4196,4.9008,3.9421,4.5672,2.9814,3.1641,3.0571,53.6126,13.3344,8.5564,14.4925,0.3614,0.0282,110.7660,5.8777,0.6153,3.0571,0.0179,0.1009,2.7606,0.3277,5.6612,113.1182,2.5366,3.5440,0.2647
9,14 Oct 2020,4.1460,5.3631,4.8691,3.9323,4.5309,2.9727,3.1553,3.0509,53.4957,13.3013,8.5335,14.4561,0.3625,0.0282,110.5217,5.8652,0.6151,3.0509,0.0179,0.1005,2.7612,0.3214,5.6493,112.8732,2.5304,3.5323,0.2642
10,15 Oct 2020,4.1480,5.3974,4.8741,3.9402,4.5423,2.9581,3.1543,3.0553,53.5222,13.3077,8.5255,14.4394,0.3625,0.0282,110.5809,5.8557,0.6168,3.0553,0.0179,0.1008,2.7568,0.3191,5.6569,112.9276,2.5324,3.5365,0.2642
11,16 Oct 2020,4.1545,5.3570,4.8618,3.9475,4.5399,2.9403,3.1387,3.0522,53.6061,13.3029,8.5409,14.4339,0.3624,0.0282,110.7586,5.8642,0.6180,3.0522,0.0179,0.1009,2.7395,0.3201,5.6580,113.1046,2.5464,3.5383,0.2646
12,19 Oct 2020,4.1470,5.3610,4.8549,3.9332,4.5293,2.9388,3.1445,3.0545,53.5093,13.2789,8.5289,14.4198,0.3629,0.0282,110.5587,5.8530,0.6188,3.0545,0.0179,0.1008,2.7397,0.3210,5.6510,112.9004,2.5512,3.5339,0.2642
13,20 Oct 2020,4.1455,5.3690,4.8819,3.9277,4.5555,2.9220,3.1439,3.0546,53.4900,13.2741,8.5335,14.4372,0.3640,0.0282,110.5319,5.8644,0.6201,3.0546,0.0179,0.1008,2.7296,0.3218,5.6522,112.8595,2.5487,3.5311,0.2640
14,21 Oct 2020,4.1450,5.3783,4.9106,3.9354,4.5738,2.9345,3.1653,3.0578,53.4835,13.2725,8.5306,14.4602,0.3659,0.0283,110.5186,5.8688,0.6227,3.0578,0.0179,0.1009,2.7396,0.3213,5.6469,112.8459,2.5579,3.5263,0.2640
15,22 Oct 2020,4.1495,5.4466,4.9140,3.9623,4.5760,2.9422,3.1501,3.0593,53.5416,13.2572,8.5412,14.4748,0.3655,0.0283,110.6386,5.8931,0.6225,3.0593,0.0179,0.1010,2.7582,0.3217,5.6301,112.9684,2.5609,3.5244,0.2643
16,23 Oct 2020,4.1465,5.4182,4.8933,3.9594,4.5691,2.9498,3.1536,3.0514,53.5029,13.2561,8.5407,14.4684,0.3657,0.0282,110.5615,5.8825,0.6205,3.0514,0.0179,0.1013,2.7632,0.3217,5.6285,112.8868,2.5620,3.5243,0.2639
17,26 Oct 2020,4.1645,5.4249,4.9283,3.9709,4.6014,2.9624,3.1654,3.0636,53.7351,13.2924,8.6100,14.5571,0.3689,0.0284,111.0415,5.9120,0.6228,3.0636,0.0180,0.1014,2.7825,0.3243,5.6444,113.3768,2.5779,3.5352,0.2651
18,27 Oct 2020,4.1650,5.4287,4.9234,3.9767,4.5921,2.9705,3.1589,3.0635,53.7416,13.3195,8.5988,14.5650,0.3695,0.0284,111.0548,5.9028,0.6214,3.0635,0.0180,0.1019,2.7864,0.3244,5.6304,113.3904,2.5866,3.5246,0.2653
19,28 Oct 2020,4.1645,5.4282,4.9045,3.9928,4.5822,2.9726,3.1568,3.0631,53.7351,13.3735,8.6088,14.5719,0.3688,0.0285,111.0445,5.9038,0.6207,3.0631,0.0180,0.1017,2.7910,0.3246,5.6484,113.3768,2.5899,3.5312,0.2651
20,30 Oct 2020,4.1570,5.3762,4.8599,3.9816,4.5481,2.9309,3.1256,3.0482,53.6231,13.3323,8.5871,14.5451,0.3689,0.0284,110.8459,5.8696,0.6221,3.0482,0.0179,0.1021,2.7586,0.3237,5.5987,113.1726,2.5892,3.5059,0.2648
21,2 Nov 2020,4.1550,5.3712,4.8366,3.9691,4.5306,2.9143,3.1154,3.0392,53.5814,13.3344,8.5714,14.5305,0.3661,0.0283,110.7882,5.8654,0.6213,3.0392,0.0179,0.1020,2.7452,0.3236,5.5722,113.1182,2.5896,3.5043,0.2647
22,3 Nov 2020,4.1585,5.3749,4.8453,3.9709,4.5282,2.9301,3.1444,3.0491,53.6487,13.3800,8.5909,14.5331,0.3660,0.0284,110.8845,5.8623,0.6213,3.0491,0.0179,0.1022,2.7587,0.3239,5.5924,113.2135,2.5974,3.4919,0.2643
23,4 Nov 2020,4.1635,5.4113,4.8484,3.9641,4.5451,2.9592,3.1457,3.0459,53.7087,13.3638,8.6036,14.5247,0.3653,0.0287,111.0104,5.8824,0.6194,3.0459,0.0180,0.1021,2.7716,0.3253,5.5612,113.3496,2.6014,3.4971,0.2650
24,5 Nov 2020,4.1525,5.3810,4.8730,3.9823,4.5572,2.9798,3.1592,3.0584,53.5499,13.3779,8.5911,14.5167,0.3668,0.0288,110.7156,5.8691,0.6244,3.0584,0.0179,0.1013,2.7834,0.3234,5.5945,113.0501,2.5952,3.4723,0.2642
25,6 Nov 2020,4.1430,5.4393,4.8987,4.0070,4.5845,3.0051,3.1649,3.0680,53.4377,13.4951,8.5830,14.5081,0.3682,0.0291,110.4653,5.8816,0.6246,3.0680,0.0179,0.1016,2.8085,0.3224,5.5973,112.7915,2.5975,3.4806,0.2641
26,9 Nov 2020,4.1145,5.4246,4.8930,3.9806,4.5732,2.9991,3.1631,3.0620,53.0636,13.5035,8.5532,14.4146,0.3690,0.0291,109.7054,5.8603,0.6248,3.0620,0.0178,0.1009,2.8032,0.3202,5.5692,112.0156,2.5849,3.4654,0.2627
27,10 Nov 2020,4.1155,5.4253,4.8688,3.9208,4.5126,2.9951,3.1638,3.0571,53.0789,13.5200,8.5271,14.4080,0.3689,0.0293,109.7320,5.8642,0.6224,3.0571,0.0178,0.1006,2.8092,0.3205,5.5589,112.0428,2.5904,3.4680,0.2626
28,11 Nov 2020,4.1230,5.4708,4.8765,3.9235,4.5087,3.0147,3.1662,3.0635,53.1743,13.6343,8.5384,14.4515,0.3709,0.0293,109.9320,5.8547,0.6251,3.0635,0.0178,0.1011,2.8412,0.3189,5.5565,112.2470,2.5875,3.4736,0.2635
29,12 Nov 2020,4.1340,5.4625,4.8676,3.9265,4.5121,3.0077,3.1616,3.0645,53.3127,13.6571,8.5255,14.4870,0.3710,0.0292,110.2238,5.8625,0.6248,3.0645,0.0178,0.1011,2.8467,0.3200,5.5548,112.5465,2.6086,3.4735,0.2642
30,13 Nov 2020,4.1315,5.4183,4.8760,3.9372,4.5153,2.9844,3.1378,3.0600,53.2818,13.6398,8.5600,14.4813,0.3700,0.0291,110.1572,5.8630,0.6236,3.0600,0.0178,0.1012,2.8177,0.3200,5.5332,112.4784,2.6130,3.4588,0.2642
31,16 Nov 2020,4.1145,5.4431,4.8769,3.9364,4.5125,2.9986,3.1382,3.0576,53.0681,13.6377,8.5390,14.4303,0.3713,0.0292,109.7039,5.8388,0.6251,3.0576,0.0178,0.1010,2.8304,0.3187,5.5219,112.0156,2.6028,3.4468,0.2636
32,17 Nov 2020,4.1058,5.4292,4.8696,3.9284,4.5002,3.0060,3.1417,3.0539,52.9552,13.6087,8.5102,14.3950,0.3710,0.0292,109.4706,5.8365,0.6251,3.0539,0.0177,0.1009,2.8350,0.3173,5.5168,111.7774,2.5965,3.4395,0.2624
33,18 Nov 2020,4.0980,5.4313,4.8613,3.9364,4.4979,2.9876,3.1281,3.0522,52.8600,13.5650,8.4973,14.3684,0.3706,0.0291,109.2640,5.8411,0.6252,3.0522,0.0177,0.1008,2.8231,0.3162,5.5021,111.5664,2.5912,3.4394,0.2622
34,19 Nov 2020,4.0950,5.4160,4.8495,3.9468,4.4919,2.9855,3.1283,3.0477,52.8206,13.4926,8.4800,14.3558,0.3676,0.0289,109.1840,5.8379,0.6235,3.0477,0.0177,0.1007,2.8272,0.3150,5.5120,111.4847,2.5779,3.4493,0.2622
35,20 Nov 2020,4.0905,5.4254,4.8577,3.9402,4.4948,2.9810,3.1279,3.0450,52.7558,13.4867,8.4760,14.3345,0.3673,0.0288,109.0698,5.8220,0.6219,3.0450,0.0176,0.1006,2.8302,0.3134,5.5175,111.3622,2.5494,3.4423,0.2622
36,23 Nov 2020,4.0895,5.4466,4.8553,3.9415,4.4932,2.9919,3.1278,3.0472,52.7473,13.5012,8.4823,14.3310,0.3677,0.0289,109.0373,5.8297,0.6230,3.0472,0.0177,0.1007,2.8430,0.3136,5.5146,111.3350,2.5475,3.4463,0.2623
37,24 Nov 2020,4.0945,5.4586,4.8499,3.9157,4.4866,2.9955,3.1374,3.0470,52.8186,13.4643,8.4992,14.3561,0.3685,0.0289,109.1707,5.8456,0.6220,3.0470,0.0177,0.1008,2.8547,0.3128,5.5225,111.4711,2.5432,3.4532,0.2618
38,25 Nov 2020,4.0870,5.4602,4.8664,3.9110,4.4873,3.0070,3.1441,3.0460,52.7253,13.4485,8.4960,14.3333,0.3693,0.0289,108.9736,5.8221,0.6213,3.0460,0.0176,0.1006,2.8544,0.3120,5.5225,111.2669,2.5444,3.4514,0.2612
39,26 Nov 2020,4.0830,5.4647,4.8684,3.9134,4.5004,3.0065,3.1404,3.0499,52.6771,13.4575,8.4903,14.3208,0.3690,0.0289,108.8640,5.8194,0.6217,3.0499,0.0176,0.1001,2.8587,0.3114,5.5329,111.1580,2.5591,3.4524,0.2607
40,27 Nov 2020,4.0725,5.4449,4.8561,3.9183,4.4965,3.0018,3.1296,3.0427,52.5416,13.4450,8.4716,14.2780,0.3689,0.0289,108.5841,5.8044,0.6190,3.0427,0.0176,0.1003,2.8569,0.3104,5.5185,110.8721,2.5585,3.4447,0.2604
41,30 Nov 2020,4.0690,5.4268,4.8698,3.9153,4.5024,3.0062,3.1329,3.0428,52.4965,13.4401,8.4559,14.2479,0.3684,0.0288,108.4922,5.7994,0.6179,3.0428,0.0176,0.0996,2.8605,0.3101,5.4987,110.7769,2.5553,3.4340,0.2600
42,1 Dec 2020,4.0780,5.4476,4.8763,3.9048,4.4947,3.0037,3.1441,3.0450,52.5997,13.4788,8.4764,14.2872,0.3685,0.0289,108.7278,5.8319,0.6200,3.0450,0.0176,0.1004,2.8693,0.3108,5.5139,111.0219,2.5568,3.4416,0.2605
43,2 Dec 2020,4.0715,5.4654,4.9196,3.9005,4.5304,3.0058,3.1471,3.0467,52.5141,13.4729,8.4761,14.2920,0.3700,0.0288,108.5560,5.8182,0.6213,3.0467,0.0176,0.0995,2.8798,0.3091,5.5436,110.8449,2.5528,3.4535,0.2600
44,3 Dec 2020,4.0725,5.4521,4.9375,3.8992,4.5561,3.0177,3.1520,3.0458,52.5355,13.4806,8.4760,14.2930,0.3713,0.0288,108.5841,5.8319,0.6210,3.0458,0.0176,0.1002,2.8789,0.3085,5.5192,110.8721,2.5406,3.4486,0.2601
45,4 Dec 2020,4.0640,5.4657,4.9363,3.9131,4.5622,3.0177,3.1599,3.0480,52.4289,13.4703,8.4609,14.3874,0.3743,0.0288,108.3574,5.8389,0.6214,3.0480,0.0176,0.0991,2.8680,0.3079,5.5019,110.6407,2.5344,3.4368,0.2594
46,7 Dec 2020,4.0710,5.4657,4.9400,3.9157,4.5708,3.0256,3.1841,3.0510,52.5240,13.4980,8.4704,14.4091,0.3761,0.0289,108.5441,5.8594,0.6229,3.0510,0.0176,0.1002,2.8660,0.3084,5.5175,110.8313,2.5431,3.4475,0.2593
47,8 Dec 2020,4.0690,5.4364,4.9298,3.9112,4.5670,3.0212,3.1819,3.0442,52.4948,13.5048,8.4489,14.3934,0.3754,0.0288,108.4908,5.8380,0.6225,3.0442,0.0176,0.1001,2.8617,0.3071,5.5124,110.7769,2.5372,3.4413,0.2595
48,9 Dec 2020,4.0685,5.4414,4.9314,3.9062,4.5804,3.0223,3.1783,3.0472,52.4849,13.5662,8.4659,14.4288,0.3758,0.0288,108.4528,5.8408,0.6231,3.0472,0.0176,0.1001,2.8687,0.3064,5.5249,110.7632,2.5366,3.4584,0.2595
49,10 Dec 2020,4.0625,5.4316,4.9132,3.8900,4.5703,3.0347,3.1737,3.0380,52.4065,13.5146,8.4539,14.3851,0.3742,0.0288,108.2929,5.8379,0.6209,3.0380,0.0176,0.0999,2.8588,0.3059,5.5133,110.5999,2.5304,3.4514,0.2589
50,11 Dec 2020,4.0545,5.4006,4.9293,3.8969,4.5777,3.0656,3.1859,3.0399,52.3084,13.4880,8.4337,14.4037,0.3722,0.0288,108.1041,5.8120,0.6201,3.0402,0.0175,0.0998,2.8799,0.3028,5.5040,110.3821,2.5262,3.4402,0.2581
51,14 Dec 2020,4.0495,5.3968,4.9131,3.8941,4.5554,3.0513,3.1742,3.0348,52.2398,13.4624,8.4264,14.3957,0.3713,0.0287,107.9708,5.8088,0.6193,3.0348,0.0175,0.0994,2.8719,0.3006,5.5002,110.2460,2.5286,3.4361,0.2572
52,15 Dec 2020,4.0650,5.4225,4.9396,3.9032,4.5844,3.0559,3.1841,3.0423,52.4384,13.5185,8.4547,14.4364,0.3712,0.0288,108.3783,5.8480,0.6203,3.0423,0.0176,0.1004,2.8774,0.2961,5.5203,110.6680,2.5343,3.4528,0.2583
53,16 Dec 2020,4.0510,5.4466,4.9264,3.9127,4.5753,3.0597,3.1869,3.0422,52.2588,13.4876,8.4317,14.3979,0.3707,0.0287,108.0108,5.8253,0.6192,3.0422,0.0175,0.0998,2.8786,0.2935,5.5112,110.2868,2.5248,3.4380,0.2579
54,17 Dec 2020,4.0415,5.4669,4.9349,3.9107,4.5662,3.0667,3.1754,3.0442,52.1356,13.5258,8.4093,14.3619,0.3699,0.0286,107.7331,5.8275,0.6182,3.0442,0.0175,0.0997,2.8814,0.2983,5.4972,110.0282,2.5184,3.4331,0.2576
55,18 Dec 2020,4.0375,5.4635,4.9445,3.9042,4.5629,3.0687,3.1678,3.0438,52.0763,13.5578,8.4018,14.3479,0.3673,0.0286,107.6509,5.8322,0.6174,3.0438,0.0175,0.0996,2.8787,0.2986,5.4908,109.9193,2.5176,3.4284,0.2570
56,21 Dec 2020,4.0465,5.4037,4.9309,3.9144,4.5638,3.0636,3.1487,3.0362,52.1951,13.4749,8.4201,14.3630,0.3676,0.0286,107.8908,5.8430,0.6177,3.0362,0.0175,0.0999,2.8710,0.3013,5.4998,110.1643,2.5275,3.4381,0.2591
57,22 Dec 2020,4.0550,5.4378,4.9595,3.9207,4.5747,3.0664,3.1517,3.0373,52.3013,13.4494,8.4323,14.3922,0.3664,0.0286,108.1103,5.8273,0.6191,3.0373,0.0175,0.1003,2.8636,0.3053,5.4777,110.3957,2.5273,3.4350,0.2589
58,23 Dec 2020,4.0615,5.4448,4.9510,3.9243,4.5756,3.0674,3.1516,3.0416,52.3885,13.4420,8.4505,14.4199,0.3661,0.0286,108.2547,5.8567,0.6200,3.0416,0.0176,0.1005,2.8642,0.3065,5.4994,110.5727,2.5283,3.4376,0.2592
59,24 Dec 2020,4.0595,5.5014,4.9567,3.9209,4.5746,3.0816,3.1604,3.0544,52.3627,13.4465,8.4485,14.4328,0.3681,0.0286,108.2375,5.8468,0.6217,3.0544,0.0176,0.1004,2.8835,0.3045,5.4977,110.5182,2.5269,3.4394,0.2586
60,28 Dec 2020,4.0535,5.4990,4.9505,3.9138,4.5550,3.0857,3.1539,3.0544,52.2894,13.4534,8.4400,14.4160,0.3698,0.0286,108.0069,5.8381,0.6207,3.0544,0.0175,0.1003,2.8877,0.3034,5.5106,110.3549,2.5282,3.4447,0.2576
61,29 Dec 2020,4.0510,5.4660,4.9590,3.9082,4.5681,3.0780,3.1586,3.0487,52.2474,13.4764,8.4334,14.3979,0.3709,0.0286,107.9489,5.8403,0.6202,3.0487,0.0175,0.1005,2.8851,0.3055,5.5131,110.2868,2.5216,3.4443,0.2577
62,30 Dec 2020,4.0400,5.4694,4.9623,3.9092,4.5776,3.0884,3.1567,3.0496,52.1085,13.4532,8.4097,14.3798,0.3719,0.0287,107.6558,5.8187,0.6193,3.0496,0.0175,0.0999,2.8989,0.3051,5.5061,109.9873,2.5172,3.4386,0.2568
63,31 Dec 2020,4.0130,5.4653,4.9324,3.8891,4.5512,3.0896,3.1484,3.0354,51.7663,13.3990,8.3569,14.2969,0.3698,0.0286,106.9976,5.7798,0.6143,3.0354,0.0174,0.0991,2.8986,0.3026,5.4826,109.2523,2.5003,3.4213,0.2551
64,4 Jan 2021,3.9965,5.4736,4.8971,3.8822,4.5222,3.0841,3.1471,3.0335,51.5481,13.3662,8.3220,14.2315,0.3698,0.0288,106.5577,5.7560,0.6176,3.0335,0.0173,0.0985,2.8797,0.3014,5.4825,108.8031,2.4920,3.4158,0.2547
65,5 Jan 2021,4.0065,5.4430,4.9174,3.8887,4.5528,3.0846,3.1416,3.0382,51.6788,13.4131,8.3411,14.3069,0.3692,0.0288,106.8243,5.8045,0.6209,3.0382,0.0173,0.0986,2.8887,0.3035,5.4814,109.0753,2.4979,3.4290,0.2545
66,6 Jan 2021,4.0145,5.4601,4.9322,3.9046,4.5669,3.1108,3.1653,3.0424,51.7823,13.3995,8.3517,14.3431,0.3690,0.0289,107.0376,5.8128,0.6216,3.0424,0.0174,0.0988,2.9085,0.3046,5.4844,109.2931,2.4993,3.4286,0.2557
67,7 Jan 2021,4.0130,5.4583,4.9470,3.8914,4.5680,3.1289,3.1666,3.0435,51.7609,13.4035,8.3527,14.3460,0.3691,0.0288,106.9976,5.8216,0.6215,3.0435,0.0174,0.0987,2.9267,0.3054,5.4897,109.2523,2.4996,3.4308,0.2556
68,8 Jan 2021,4.0425,5.4830,4.9571,3.8930,4.5642,3.1384,3.1886,3.0499,52.1414,13.4347,8.4098,14.4293,0.3693,0.0289,107.7842,5.8425,0.6252,3.0499,0.0175,0.0994,2.9332,0.3056,5.5085,110.0554,2.5207,3.4454,0.2575
69,11 Jan 2021,4.0420,5.4589,4.9203,3.8800,4.5485,3.1150,3.1704,3.0376,52.1249,13.4063,8.4068,14.4254,0.3681,0.0286,107.7709,5.8414,0.6234,3.0376,0.0175,0.0994,2.9078,0.3051,5.5050,110.0418,2.5192,3.4491,0.2586
70,12 Jan 2021,4.0600,5.4897,4.9321,3.8932,4.5557,3.1254,3.1762,3.0500,52.3580,13.4615,8.4465,14.4948,0.3689,0.0286,108.2508,5.8474,0.6274,3.0500,0.0176,0.0994,2.9102,0.3043,5.5304,110.5318,2.5296,3.4578,0.2594
71,13 Jan 2021,4.0455,5.5375,4.9416,3.9055,4.5673,3.1413,3.1833,3.0577,52.1727,13.4760,8.4189,14.4436,0.3696,0.0287,107.8311,5.8292,0.6267,3.0577,0.0175,0.0996,2.9241,0.3049,5.5291,110.1371,2.5206,3.4514,0.2583
72,14 Jan 2021,4.0430,5.5132,4.9104,3.8854,4.5511,3.1297,3.1848,3.0459,52.1432,13.4587,8.4121,14.4269,0.3672,0.0287,107.7975,5.8308,0.6248,3.0459,0.0175,0.0995,2.9065,0.3047,5.5253,110.0690,2.5190,3.4544,0.2582
73,15 Jan 2021,4.0345,5.5200,4.9017,3.8881,4.5408,3.1326,3.1882,3.0434,52.0369,13.4596,8.3991,14.4136,0.3673,0.0287,107.5666,5.8166,0.6236,3.0434,0.0175,0.0992,2.9056,0.3038,5.5197,109.8376,2.5137,3.4521,0.2576
74,18 Jan 2021,4.0470,5.4942,4.8868,3.9009,4.5406,3.1142,3.1687,3.0400,52.1965,13.4363,8.4211,14.4525,0.3663,0.0288,107.8855,5.8293,0.6240,3.0400,0.0175,0.0995,2.8851,0.3050,5.5281,110.1779,2.5207,3.4613,0.2576
75,19 Jan 2021,4.0505,5.5113,4.8999,3.8945,4.5475,3.1239,3.1832,3.0470,52.2477,13.4882,8.4269,14.4537,0.3678,0.0288,107.9975,5.8343,0.6245,3.0470,0.0176,0.0996,2.8896,0.3052,5.5357,110.2732,2.5217,3.4546,0.2582
76,20 Jan 2021,4.0480,5.5261,4.9161,3.9007,4.5591,3.1251,3.1848,3.0527,52.2198,13.4978,8.4260,14.4561,0.3681,0.0288,107.9308,5.8287,0.6257,3.0527,0.0175,0.0995,2.8860,0.3046,5.5363,110.2051,2.5214,3.4578,0.2577
77,21 Jan 2021,4.0310,5.5152,4.8898,3.8949,4.5358,3.1345,3.1955,3.0451,52.0005,13.4726,8.3901,14.4134,0.3666,0.0288,107.4776,5.8061,0.6239,3.0451,0.0175,0.0991,2.9059,0.3033,5.5274,109.7423,2.5108,3.4496,0.2560
78,22 Jan 2021,4.0375,5.5380,4.9151,3.8995,4.5622,3.1266,3.1870,3.0484,52.0833,13.4718,8.3996,14.4310,0.3662,0.0287,107.6509,5.8242,0.6243,3.0487,0.0175,0.0992,2.9046,0.3038,5.5293,109.9193,2.5136,3.4571,0.2567
79,25 Jan 2021,4.0460,5.5436,4.9262,3.8992,4.5710,3.1286,3.1844,3.0507,52.1953,13.4957,8.4169,14.4454,0.3670,0.0288,107.8588,5.8362,0.6247,3.0507,0.0175,0.0994,2.9151,0.3047,5.5457,110.1507,2.5181,3.4649,0.2574
80,26 Jan 2021,4.0445,5.5266,4.9098,3.8996,4.5531,3.1149,3.1720,3.0479,52.1783,13.4952,8.4157,14.4400,0.3669,0.0288,107.8375,5.8312,0.6250,3.0479,0.0175,0.0993,2.9084,0.3041,5.5416,110.1099,2.5145,3.4656,0.2575
81,27 Jan 2021,4.0440,5.5518,4.9163,3.8984,4.5597,3.1290,3.1795,3.0503,52.1682,13.4890,8.4116,14.4362,0.3662,0.0288,107.8242,5.8280,0.6258,3.0503,0.0175,0.0993,2.9234,0.3045,5.5490,110.0962,2.5149,3.4651,0.2571
82,29 Jan 2021,4.0540,5.5556,4.9041,3.8800,4.5553,3.0989,3.1505,3.0451,52.2925,13.5178,8.4330,14.4621,0.3630,0.0288,108.0908,5.8323,0.6273,3.0451,0.0176,0.0995,2.9010,0.3064,5.5548,110.3685,2.5267,3.4688,0.2581
83,2 Feb 2021,4.0425,5.5358,4.8835,3.8520,4.5107,3.0860,3.1516,3.0375,52.1411,13.4885,8.4116,14.4473,0.3623,0.0288,107.7842,5.8143,0.6257,3.0375,0.0176,0.0991,2.9001,0.3046,5.5307,110.0554,2.5187,3.4599,0.2570
84,3 Feb 2021,4.0475,5.5317,4.8740,3.8546,4.5087,3.0806,3.1677,3.0389,52.2167,13.4872,8.4270,14.4760,0.3628,0.0289,107.9175,5.8118,0.6266,3.0389,0.0176,0.0986,2.9199,0.3014,5.5459,110.1915,2.5234,3.4670,0.2572
85,4 Feb 2021,4.0525,5.5163,4.8703,3.8553,4.5033,3.0908,3.1664,3.0364,52.2795,13.4948,8.4273,14.4903,0.3621,0.0289,108.0508,5.8152,0.6275,3.0364,0.0176,0.0987,2.9162,0.2947,5.5543,110.3277,2.5257,3.4715,0.2578
86,5 Feb 2021,4.0745,5.5705,4.8711,3.8604,4.5049,3.0936,3.1772,3.0434,52.5572,13.5231,8.4730,14.5541,0.3617,0.0290,108.6244,5.8398,0.6290,3.0434,0.0177,0.0998,2.9116,0.2921,5.5827,110.9266,2.5427,3.4905,0.2597
87,8 Feb 2021,4.0615,5.5779,4.8894,3.8512,4.5140,3.1174,3.1819,3.0457,52.3882,13.5203,8.4529,14.5113,0.3632,0.0290,108.2778,5.8211,0.6289,3.0457,0.0177,0.0995,2.9235,0.2911,5.5767,110.5727,2.5345,3.4807,0.2593
88,9 Feb 2021,4.0575,5.5900,4.9004,3.8669,4.5257,3.1354,3.1886,3.0505,52.3403,13.5431,8.4451,14.4994,0.3638,0.0290,108.1683,5.8255,0.6291,3.0505,0.0176,0.0993,2.9413,0.2909,5.5684,110.4638,2.5340,3.4755,0.2591
89,10 Feb 2021,4.0400,5.5845,4.8993,3.8640,4.5312,3.1270,3.1820,3.0471,52.1139,13.5027,8.4094,14.4425,0.3643,0.0289,107.7017,5.8220,0.6275,3.0471,0.0176,0.0990,2.9233,0.2896,5.5445,109.9873,2.5258,3.4639,0.2580
90,11 Feb 2021,4.0445,5.5998,4.9023,3.8668,4.5439,3.1274,3.1858,3.0510,52.1686,13.5132,8.4211,14.4338,0.3656,0.0289,107.8260,5.8329,0.6263,3.0510,0.0176,0.0986,2.9201,0.2868,5.5540,110.1099,2.5358,3.4703,0.2583
91,15 Feb 2021,4.0360,5.6092,4.8975,3.8414,4.5300,3.1416,3.1860,3.0516,52.0596,13.5209,8.4250,14.4194,0.3662,0.0290,107.5951,5.8149,0.6249,3.0516,0.0175,0.0989,2.9225,0.2883,5.5648,109.8784,2.5392,3.4671,0.2594
92,16 Feb 2021,4.0305,5.6223,4.8958,3.8169,4.5353,3.1450,3.1959,3.0493,51.9904,13.4935,8.3973,14.4024,0.3669,0.0290,107.4485,5.8069,0.6241,3.0493,0.0175,0.0988,2.9278,0.2879,5.5502,109.7287,2.5308,3.4655,0.2580
93,17 Feb 2021,4.0385,5.6077,4.8825,3.8113,4.5206,3.1304,3.1814,3.0404,52.0912,13.4707,8.3500,14.4263,0.3644,0.0289,107.6618,5.8323,0.6253,3.0404,0.0175,0.0990,2.9073,0.2885,5.5362,109.9465,2.5230,3.4723,0.2586
94,18 Feb 2021,4.0380,5.5926,4.8603,3.8136,4.4914,3.1299,3.1778,3.0403,52.0868,13.4510,8.3421,14.4545,0.3653,0.0288,107.6484,5.8077,0.6260,3.0403,0.0175,0.0990,2.9017,0.2884,5.5472,109.9329,2.5231,3.4694,0.2584
95,19 Feb 2021,4.0435,5.6417,4.8864,3.8253,4.5088,3.1384,3.1809,3.0441,52.1543,13.4649,8.3440,14.4648,0.3646,0.0287,107.7950,5.8205,0.6248,3.0441,0.0176,0.0991,2.9166,0.2888,5.5647,110.0826,2.5431,3.4783,0.2582
96,22 Feb 2021,4.0405,5.6640,4.8971,3.8244,4.5009,3.1831,3.2047,3.0525,52.1150,13.4638,8.3125,14.4748,0.3649,0.0286,107.7151,5.8301,0.6252,3.0525,0.0176,0.0985,2.9536,0.2886,5.5696,110.0010,2.5420,3.4757,0.2578
97,23 Feb 2021,4.0420,5.6877,4.9177,3.8486,4.5127,3.1990,3.2088,3.0610,52.1323,13.4688,8.3024,14.4968,0.3639,0.0286,107.7637,5.8305,0.6258,3.0610,0.0176,0.0985,2.9579,0.2887,5.5821,110.0418,2.5414,3.4840,0.2578
98,24 Feb 2021,4.0390,5.7186,4.9080,3.8279,4.4566,3.1991,3.2113,3.0602,52.0869,13.4499,8.2953,14.5037,0.3636,0.0287,107.6837,5.8322,0.6251,3.0602,0.0175,0.0993,2.9751,0.2885,5.5801,109.9601,2.5411,3.4838,0.2576
99,25 Feb 2021,4.0400,5.7146,4.9161,3.8126,4.4567,3.2169,3.2303,3.0634,52.1021,13.4532,8.3102,14.5418,0.3646,0.0287,107.7017,5.8366,0.6262,3.0634,0.0176,0.0989,3.0017,0.2886,5.5866,109.9873,2.5366,3.4912,0.2577
100,26 Feb 2021,4.0495,5.6634,4.9240,3.8176,4.4729,3.1807,3.2138,3.0496,52.2213,13.4356,8.3178,14.5566,0.3604,0.0284,107.9550,5.8582,0.6260,3.0496,0.0176,0.0992,2.9816,0.2892,5.5467,110.2460,2.5577,3.4949,0.2579
101,1 Mar 2021,4.0535,5.6694,4.8976,3.8038,4.4630,3.1431,3.1909,3.0476,52.2584,13.3515,8.3294,14.5626,0.3613,0.0284,108.0616,5.8341,0.6271,3.0476,0.0176,0.0993,2.9497,0.2895,5.5069,110.3549,2.5582,3.4483,0.2576
102,2 Mar 2021,4.0540,5.6316,4.8757,3.7961,4.4282,3.1471,3.1997,3.0450,52.2534,13.3751,8.3467,14.5440,0.3614,0.0283,108.0750,5.8244,0.6264,3.0450,0.0176,0.0994,2.9400,0.2896,5.5209,110.3685,2.5642,3.4452,0.2577
103,3 Mar 2021,4.0495,5.6541,4.8928,3.7901,4.4235,3.1687,3.2051,3.0458,52.2004,13.3647,8.3370,14.5394,0.3605,0.0283,107.9636,5.8143,0.6264,3.0458,0.0176,0.0987,2.9509,0.2892,5.5297,110.2460,2.5638,3.4499,0.2583
104,4 Mar 2021,4.0555,5.6530,4.8865,3.7882,4.4096,3.1566,3.2020,3.0425,52.2784,13.3492,8.3481,14.5766,0.3595,0.0284,108.1150,5.8287,0.6267,3.0425,0.0176,0.0994,2.9386,0.2897,5.5559,110.4093,2.5770,3.4858,0.2588
105,5 Mar 2021,4.0675,5.6563,4.8657,3.7678,4.3798,3.1385,3.2147,3.0419,52.4146,13.3755,8.3771,14.5841,0.3610,0.0284,108.4349,5.8401,0.6284,3.0419,0.0177,0.0998,2.9184,0.2905,5.5755,110.7360,2.5834,3.4904,0.2592
106,8 Mar 2021,4.0900,5.6491,4.8679,3.7724,4.3896,3.1452,3.2308,3.0406,52.6583,13.3312,8.4174,14.5853,0.3609,0.0285,109.0173,5.8440,0.6283,3.0406,0.0177,0.1004,2.9268,0.2921,5.5856,111.3486,2.6088,3.5010,0.2605
107,9 Mar 2021,4.1260,5.7135,4.8955,3.7817,4.4100,3.1609,3.2622,3.0591,53.1225,13.3831,8.5024,14.5628,0.3623,0.0286,109.9944,5.8813,0.6327,3.0591,0.0179,0.1013,2.9414,0.2947,5.6386,112.3287,2.6247,3.5202,0.2623
108,10 Mar 2021,4.1285,5.7252,4.9049,3.7949,4.4397,3.1709,3.2591,3.0642,53.1848,13.4173,8.4931,14.5670,0.3616,0.0287,110.0611,5.8935,0.6340,3.0642,0.0179,0.1011,2.9494,0.2949,5.6602,112.3967,2.6312,3.5383,0.2625
109,11 Mar 2021,4.1125,5.7302,4.9070,3.7888,4.4225,3.1851,3.2621,3.0623,52.9896,13.4483,8.4759,14.5820,0.3620,0.0285,109.6345,5.8681,0.6328,3.0623,0.0178,0.1011,2.9639,0.2937,5.6525,111.9611,2.6233,3.5254,0.2614
110,12 Mar 2021,4.1170,5.7547,4.9248,3.7873,4.4434,3.2030,3.2817,3.0679,53.0531,13.4279,8.5022,14.6414,0.3639,0.0286,109.7545,5.8939,0.6346,3.0679,0.0179,0.1012,2.9700,0.2941,5.6633,112.0836,2.6273,3.5292,0.2622
111,15 Mar 2021,4.1170,5.7335,4.9215,3.7727,4.4312,3.1903,3.3003,3.0599,53.0343,13.3930,8.4882,14.6122,0.3624,0.0286,109.7545,5.8800,0.6331,3.0599,0.0178,0.1012,2.9642,0.2941,5.6611,112.0836,2.6248,3.5353,0.2629
112,16 Mar 2021,4.1140,5.7065,4.9096,3.7686,4.4404,3.1892,3.2965,3.0607,52.9824,13.3919,8.4733,14.5763,0.3638,0.0286,109.6745,5.8768,0.6331,3.0607,0.0178,0.1011,2.9608,0.2939,5.6768,112.0020,2.6196,3.5476,0.2619
113,17 Mar 2021,4.1185,5.7208,4.9016,3.7752,4.4488,3.1855,3.3066,3.0581,53.0335,13.3718,8.4643,14.5443,0.3642,0.0285,109.7945,5.8870,0.6334,3.0581,0.0179,0.1014,2.9591,0.2942,5.6774,112.1245,2.6288,3.5477,0.2625
114,18 Mar 2021,4.1075,5.7269,4.9124,3.7730,4.4470,3.2129,3.3112,3.0615,52.8980,13.3534,8.4326,14.4993,0.3650,0.0285,109.5012,5.8621,0.6324,3.0615,0.0178,0.1011,2.9747,0.2934,5.6726,111.8250,2.6335,3.5387,0.2611
115,19 Mar 2021,4.1165,5.7283,4.9044,3.7806,4.4392,3.1878,3.2928,3.0632,53.0043,13.3263,8.4549,14.4647,0.3638,0.0285,109.7411,5.8855,0.6320,3.0632,0.0178,0.1013,2.9495,0.2940,5.6673,112.0700,2.6537,3.5470,0.2625
116,22 Mar 2021,4.1095,5.6878,4.8885,3.7783,4.4226,3.1750,3.2860,3.0604,52.9224,13.3123,8.4601,14.4492,0.3636,0.0285,109.5545,5.8676,0.6314,3.0604,0.0178,0.1012,2.9399,0.2935,5.6703,111.8795,2.6347,3.5421,0.2612
117,23 Mar 2021,4.1160,5.6998,4.9110,3.7864,4.4550,3.1747,3.2835,3.0702,52.9958,13.2946,8.4665,14.4728,0.3652,0.0286,109.7278,5.8819,0.6323,3.0702,0.0178,0.1013,2.9207,0.2940,5.6865,112.0564,2.6376,3.5547,0.2617
118,24 Mar 2021,4.1275,5.6658,4.8907,3.8026,4.4194,3.1386,3.2774,3.0673,53.1329,13.3059,8.4815,14.4794,0.3645,0.0286,110.0579,5.8874,0.6328,3.0673,0.0179,0.1017,2.8810,0.2948,5.6897,112.3695,2.6442,3.5619,0.2618
119,25 Mar 2021,4.1395,5.6715,4.8941,3.8014,4.4249,3.1481,3.2932,3.0739,53.2867,13.3017,8.5087,14.4859,0.3650,0.0286,110.3543,5.8925,0.6336,3.0739,0.0179,0.1019,2.8881,0.2957,5.6968,112.6962,2.6523,3.5655,0.2627
120,26 Mar 2021,4.1465,5.7070,4.8850,3.7956,4.4119,3.1565,3.2945,3.0770,53.3713,13.3114,8.5359,14.4740,0.3662,0.0287,110.5409,5.8935,0.6338,3.0770,0.0180,0.1024,2.8901,0.2962,5.7145,112.8929,2.6779,3.5684,0.2640
121,29 Mar 2021,4.1455,5.7119,4.8861,3.7846,4.4127,3.1657,3.2886,3.0786,53.3406,13.2869,8.5509,14.5191,0.3663,0.0287,110.5143,5.8870,0.6334,3.0786,0.0180,0.1022,2.8965,0.2961,5.7153,112.8595,2.6867,3.5729,0.2639
122,30 Mar 2021,4.1465,5.7126,4.8794,3.7711,4.4130,3.1750,3.2953,3.0764,53.3267,13.2816,8.5583,14.5287,0.3658,0.0287,110.5409,5.8887,0.6310,3.0764,0.0180,0.1022,2.9146,0.2962,5.6958,112.8868,2.6882,3.5738,0.2638
123,31 Mar 2021,4.1590,5.7093,4.8691,3.7521,4.4057,3.1627,3.2953,3.0870,53.4944,13.2494,8.5678,14.5822,0.3674,0.0286,110.8948,5.8928,0.6337,3.0870,0.0180,0.1025,2.9038,0.2971,5.6580,113.2271,2.7157,3.5421,0.2646
124,1 Apr 2021,4.1465,5.7143,4.8614,3.7479,4.3864,3.1395,3.2935,3.0797,53.3370,13.2518,8.5424,14.5175,0.3671,0.0285,110.5409,5.8765,0.6312,3.0797,0.0180,0.1022,2.8889,0.2962,5.6627,112.8868,2.7169,3.5448,0.2638
125,2 Apr 2021,4.1375,5.7282,4.8738,3.7408,4.3937,3.1571,3.3018,3.0793,53.2134,13.2400,8.5292,14.5329,0.3669,0.0285,110.3010,5.8613,0.6305,3.0793,0.0179,0.1019,2.9111,0.2955,5.6446,112.6417,2.7094,3.5371,0.2634
126,5 Apr 2021,4.1410,5.7299,4.8740,3.7456,4.3946,3.1561,3.2938,3.0776,53.2553,13.2089,8.5307,14.5171,0.3672,0.0285,110.3943,5.8733,0.6306,3.0776,0.0179,0.1020,2.9115,0.2958,5.6457,112.7370,2.6985,3.5401,0.2636
127,6 Apr 2021,4.1325,5.7411,4.8776,3.7444,4.4049,3.1545,3.2952,3.0815,53.1443,13.1608,8.5079,14.5020,0.3675,0.0285,110.1677,5.8616,0.6305,3.0815,0.0179,0.1019,2.9128,0.2952,5.6393,112.5056,2.7036,3.5239,0.2631
128,7 Apr 2021,4.1280,5.7068,4.8987,3.7601,4.4320,3.1592,3.2800,3.0841,53.0632,13.1717,8.5017,14.5081,0.3698,0.0285,110.0477,5.8651,0.6310,3.0841,0.0179,0.1017,2.9121,0.2949,5.6140,112.3831,2.6974,3.5133,0.2628
129,8 Apr 2021,4.1385,5.6929,4.9130,3.7710,4.4536,3.1533,3.2821,3.0869,53.1705,13.1548,8.5181,14.5376,0.3706,0.0284,110.3276,5.8972,0.6321,3.0869,0.0179,0.1020,2.9042,0.2956,5.5683,112.6690,2.7065,3.4693,0.2636
130,9 Apr 2021,4.1355,5.6811,4.9241,3.7841,4.4732,3.1595,3.2900,3.0870,53.1648,13.1578,8.5093,14.5455,0.3701,0.0284,110.2477,5.8856,0.6312,3.0870,0.0179,0.1019,2.9155,0.2954,5.5376,112.5873,2.7113,3.4650,0.2632
131,12 Apr 2021,4.1370,5.6638,4.9201,3.7765,4.4678,3.1481,3.2951,3.0825,53.1844,13.1167,8.5199,14.5326,0.3678,0.0283,110.2877,5.8888,0.6312,3.0825,0.0179,0.1019,2.9100,0.2955,5.5199,112.6281,2.7103,3.4595,0.2634
132,13 Apr 2021,4.1340,5.6766,4.9155,3.7679,4.4721,3.1418,3.2862,3.0790,53.1800,13.1238,8.5145,14.5190,0.3670,0.0283,110.2341,5.8931,0.6312,3.0790,0.0179,0.1018,2.8975,0.2953,5.5076,112.5465,2.7029,3.4420,0.2635
133,14 Apr 2021,4.1295,5.6855,4.9383,3.7925,4.4891,3.1624,3.2931,3.0872,53.1341,13.1095,8.5165,14.5058,0.3691,0.0282,110.0877,5.8826,0.6314,3.0872,0.0179,0.1017,2.9253,0.2950,5.4912,112.4239,2.7017,3.4382,0.2632
134,15 Apr 2021,4.1280,5.6853,4.9433,3.7908,4.4692,3.1839,3.2962,3.0867,53.1524,13.1048,8.5140,14.5140,0.3692,0.0282,110.0477,5.8945,0.6313,3.0867,0.0179,0.1017,2.9486,0.2949,5.4856,112.3831,2.7007,3.4370,0.2634
135,16 Apr 2021,4.1270,5.6781,4.9349,3.7916,4.4730,3.1912,3.2911,3.0901,53.1234,13.1980,8.5308,14.5658,0.3693,0.0283,110.0240,5.8958,0.6319,3.0901,0.0179,0.1016,2.9549,0.2948,5.5175,112.3559,2.7009,3.4426,0.2632
136,19 Apr 2021,4.1295,5.7123,4.9372,3.8009,4.4842,3.1917,3.3008,3.0976,53.1409,13.2271,8.5294,14.6478,0.3695,0.0284,110.0877,5.9054,0.6328,3.0976,0.0179,0.1017,2.9468,0.2950,5.5257,112.4239,2.6947,3.4710,0.2635
137,20 Apr 2021,4.1160,5.7632,4.9668,3.8071,4.5030,3.2107,3.2950,3.1030,52.9931,13.1923,8.5235,14.6466,0.3704,0.0284,109.7483,5.9037,0.6337,3.1030,0.0178,0.1014,2.9713,0.2940,5.5201,112.0564,2.6850,3.4354,0.2623
138,21 Apr 2021,4.1160,5.7330,4.9520,3.8118,4.4932,3.1763,3.2658,3.0964,53.0303,13.1460,8.5050,14.6644,0.3683,0.0283,109.7483,5.9062,0.6333,3.0964,0.0178,0.1014,2.9536,0.2940,5.4603,112.0564,2.6850,3.4354,0.2621
139,22 Apr 2021,4.1100,5.7281,4.9472,3.8052,4.4852,3.1869,3.2872,3.0960,52.9557,13.1184,8.4891,14.6295,0.3683,0.0283,109.5679,5.8912,0.6336,3.0960,0.0178,0.1012,2.9576,0.2936,5.4563,111.8931,2.6820,3.4304,0.2621
140,23 Apr 2021,4.1115,5.6979,4.9428,3.8096,4.4832,3.1780,3.2954,3.0932,52.9774,13.0856,8.4970,14.6208,0.3672,0.0283,109.6079,5.8998,0.6328,3.0932,0.0178,0.1013,2.9502,0.2937,5.4767,111.9339,2.6768,3.4283,0.2619
141,26 Apr 2021,4.1035,5.7041,4.9693,3.8096,4.4967,3.1903,3.2944,3.0966,52.8839,13.0518,8.4884,14.6832,0.3688,0.0283,109.4179,5.8897,0.6325,3.0966,0.0178,0.1011,2.9607,0.2647,5.4864,111.7161,2.6711,3.4189,0.2611
142,27 Apr 2021,4.0985,5.6889,4.9465,3.7856,4.4748,3.1903,3.3036,3.0896,52.8127,13.0442,8.4649,14.7058,0.3687,0.0283,109.2875,5.8898,0.6319,3.0896,0.0178,0.1009,2.9583,0.2644,5.4853,111.5800,2.6627,3.4283,0.2612
143,28 Apr 2021,4.1025,5.6920,4.9544,3.7684,4.4834,3.1760,3.3054,3.0920,52.8530,13.0695,8.4680,14.7069,0.3691,0.0283,109.3679,5.8922,0.6325,3.0920,0.0178,0.1010,2.9534,0.2647,5.5031,111.6889,2.6579,3.4345,0.2617
144,30 Apr 2021,4.1045,5.7243,4.9738,3.7715,4.5149,3.1935,3.3452,3.0948,52.8668,13.1597,8.5228,14.7125,0.3699,0.0284,109.4212,5.9012,0.6346,3.0948,0.0178,0.1011,2.9762,0.2648,5.5337,111.7433,2.6748,3.4646,0.2621
145,3 May 2021,4.1020,5.6712,4.9316,3.7446,4.4892,3.1686,3.3375,3.0802,52.8149,13.1685,8.5263,14.6728,0.3670,0.0284,109.3779,5.8904,0.6337,3.0802,0.0178,0.1010,2.9432,0.2646,5.5296,111.6753,2.6767,3.4615,0.2619
146,4 May 2021,4.1125,5.7075,4.9515,3.7640,4.4980,3.1835,3.3449,3.0865,52.9531,13.2023,8.5575,14.7219,0.3670,0.0285,109.6345,5.8963,0.6353,3.0865,0.0178,0.1013,2.9536,0.2653,5.5658,111.9611,2.6932,3.4772,0.2622
147,5 May 2021,4.1170,5.7274,4.9503,3.7676,4.5096,3.1845,3.3507,3.0852,52.9998,13.2040,8.5771,14.7262,0.3661,0.0285,109.7545,5.8951,0.6360,3.0852,0.0179,0.1013,2.9527,0.2656,5.5740,112.0836,2.6865,3.4840,0.2627
148,6 May 2021,4.1245,5.7312,4.9490,3.7710,4.5121,3.1858,3.3598,3.0850,53.0868,13.2238,8.5923,14.7409,0.3665,0.0288,109.9779,5.9087,0.6365,3.0850,0.0179,0.1015,2.9684,0.2661,5.5848,112.2878,2.6973,3.4875,0.2632
149,7 May 2021,4.1165,5.7261,4.9678,3.7726,4.5368,3.2014,3.3833,3.0890,53.0019,13.1855,8.5922,14.7450,0.3673,0.0288,109.7411,5.9017,0.6373,3.0890,0.0178,0.1013,2.9766,0.2656,5.5916,112.0700,2.6958,3.4881,0.2627
150,10 May 2021,4.1055,5.7563,4.9902,3.7703,4.5556,3.2208,3.3857,3.0956,52.8606,13.1756,8.5825,14.7962,0.3684,0.0289,109.4479,5.8945,0.6385,3.0956,0.0178,0.1009,2.9859,0.2649,5.5969,111.7706,2.6996,3.4903,0.2621
151,11 May 2021,4.1158,5.8116,4.9965,3.7797,4.5695,3.2239,3.4034,3.1026,52.9974,13.2424,8.5942,14.7804,0.3675,0.0290,109.7446,5.9366,0.6404,3.1026,0.0178,0.1011,2.9897,0.2655,5.6006,112.0496,2.7024,3.5066,0.2627
152,12 May 2021,4.1310,5.8282,5.0053,3.7950,4.5606,3.2168,3.4053,3.1075,53.1814,13.2234,8.6323,14.7399,0.3674,0.0291,110.1512,5.9571,0.6414,3.1075,0.0179,0.1013,2.9859,0.2665,5.6200,112.4648,2.7172,3.5202,0.2635
153,17 May 2021,4.1340,5.8232,5.0152,3.7807,4.5824,3.2047,3.4075,3.0957,53.2242,13.1489,8.6446,14.7280,0.3647,0.0290,110.2312,5.9476,0.6421,3.0957,0.0179,0.1014,2.9827,0.2667,5.6415,112.5465,2.7130,3.5253,0.2631
154,18 May 2021,4.1263,5.8498,5.0206,3.7791,4.5746,3.2168,3.4270,3.0970,53.1326,13.1034,8.6183,14.7487,0.3646,0.0289,110.0245,5.9463,0.6420,3.0970,0.0179,0.1011,2.9876,0.2662,5.6358,112.3355,2.7019,3.5223,0.2630
155,19 May 2021,4.1270,5.8554,5.0473,3.7887,4.5981,3.2151,3.4195,3.1022,53.1460,13.1224,8.6353,14.7987,0.3664,0.0289,110.0445,5.9599,0.6420,3.1022,0.0179,0.1010,2.9863,0.2513,5.6496,112.3559,2.7024,3.5310,0.2632
156,20 May 2021,4.1390,5.8420,5.0421,3.7926,4.5796,3.2032,3.4171,3.1037,53.3064,13.1857,8.6382,14.7924,0.3656,0.0288,110.3645,5.9742,0.6428,3.1037,0.0180,0.1013,2.9697,0.2521,5.6571,112.6826,2.7026,3.5355,0.2640
157,21 May 2021,4.1430,5.8737,5.0677,3.8056,4.6185,3.2135,3.4305,3.1118,53.3675,13.2069,8.6452,14.7909,0.3674,0.0288,110.4741,5.9772,0.6439,3.1118,0.0180,0.1014,2.9772,0.2523,5.6731,112.7915,2.7012,3.5419,0.2642
158,24 May 2021,4.1405,5.8569,5.0438,3.8037,4.6118,3.1992,3.4308,3.1119,53.3298,13.1905,8.6198,14.8251,0.3672,0.0288,110.4074,5.9829,0.6436,3.1119,0.0180,0.1013,2.9675,0.2522,5.6854,112.7234,2.7020,3.5530,0.2646
159,25 May 2021,4.1425,5.8739,5.0648,3.8108,4.6218,3.2135,3.4395,3.1214,53.3604,13.2179,8.6159,14.8671,0.3693,0.0289,110.4343,5.9810,0.6461,3.1214,0.0180,0.1014,2.9925,0.2523,5.6860,112.7779,2.6939,3.5483,0.2644
160,27 May 2021,4.1435,5.8488,5.0522,3.7991,4.6183,3.2075,3.4180,3.1291,53.3863,13.2528,8.6179,14.9090,0.3708,0.0289,110.4609,5.9932,0.6488,3.1291,0.0180,0.1015,3.0214,0.2523,5.6950,112.8051,2.6690,3.5585,0.2643
161,28 May 2021,4.1370,5.8719,5.0418,3.7638,4.6092,3.2037,3.4252,3.1259,53.3191,13.2215,8.6413,14.9172,0.3711,0.0289,110.2877,5.9766,0.6494,3.1259,0.0180,0.1013,3.0105,0.2519,5.7027,112.6281,2.6648,3.5618,0.2638
162,31 May 2021,4.1380,5.8747,5.0477,3.7726,4.6024,3.1962,3.4261,3.1283,53.3175,13.2416,8.6714,14.9727,0.3719,0.0289,110.3143,5.9729,0.6504,3.1283,0.0180,0.1014,3.0011,0.2520,5.7136,112.6554,2.6766,3.5700,0.2639
163,1 Jun 2021,4.1205,5.8666,5.0396,3.7649,4.5855,3.1990,3.4198,3.1228,53.1030,13.2067,8.6420,14.9445,0.3727,0.0289,109.8478,5.9476,0.6468,3.1228,0.0179,0.1009,3.0014,0.2509,5.6834,112.1896,2.6853,3.5465,0.2625
164,2 Jun 2021,4.1260,5.8422,5.0432,3.7639,4.5993,3.2024,3.4208,3.1207,53.1794,13.2413,8.6255,15.0077,0.3719,0.0289,109.9944,5.9622,0.6465,3.1207,0.0179,0.1009,2.9969,0.2513,5.6466,112.3287,2.6599,3.5374,0.2631
165,3 Jun 2021,4.1225,5.8414,5.0323,3.7587,4.5890,3.1927,3.4246,3.1176,53.1397,13.2344,8.6290,14.9915,0.3708,0.0289,109.9011,5.9460,0.6457,3.1176,0.0179,0.1009,2.9793,0.2511,5.6413,112.2334,2.6576,3.5252,0.2628
166,4 Jun 2021,4.1275,5.8185,5.0005,3.7443,4.5633,3.1615,3.4060,3.1091,53.2035,13.2207,8.6322,14.9034,0.3697,0.0288,110.0579,5.9572,0.6446,3.1091,0.0179,0.1009,2.9501,0.2514,5.6517,112.3695,2.6608,3.5381,0.2631
167,8 Jun 2021,4.1210,5.8355,5.0190,3.7664,4.5896,3.1925,3.4093,3.1138,53.1142,13.2083,8.6385,14.8738,0.3697,0.0289,109.8611,5.9426,0.6447,3.1138,0.0180,0.1007,2.9758,0.2510,5.6613,112.1925,2.6545,3.5376,0.2627
168,9 Jun 2021,4.1175,5.8306,5.0153,3.7610,4.5934,3.1853,3.4001,3.1102,53.0657,13.2183,8.6244,14.8547,0.3692,0.0289,109.7678,5.9409,0.6439,3.1102,0.0179,0.1006,2.9630,0.2508,5.6474,112.0988,2.6461,3.5304,0.2631
169,10 Jun 2021,4.1163,5.8117,5.0093,3.7574,4.5948,3.1841,3.3972,3.1088,53.0469,13.2228,8.6268,14.8513,0.3694,0.0289,109.7345,5.9433,0.6447,3.1088,0.0179,0.1006,2.9565,0.2507,5.6395,112.0632,2.6459,3.5251,0.2625
170,11 Jun 2021,4.1140,5.8328,5.0137,3.7603,4.6031,3.1892,3.4031,3.1118,53.0213,13.2326,8.6261,14.8619,0.3703,0.0290,109.6745,5.9333,0.6442,3.1118,0.0179,0.1008,2.9596,0.2505,5.6401,112.0020,2.6414,3.5195,0.2625
171,14 Jun 2021,4.1160,5.8077,4.9804,3.7495,4.5789,3.1695,3.3865,3.1023,53.0327,13.2305,8.6024,14.8640,0.3683,0.0289,109.7483,5.9356,0.6433,3.1023,0.0179,0.1005,2.9384,0.2507,5.6200,112.0564,2.6406,3.5205,0.2628
172,15 Jun 2021,4.1160,5.8083,4.9898,3.7383,4.5754,3.1720,3.3903,3.1027,53.0286,13.2177,8.5813,14.8311,0.3680,0.0289,109.7278,5.9257,0.6427,3.1027,0.0179,0.1006,2.9434,0.2507,5.6226,112.0564,2.6406,3.5107,0.2628
173,16 Jun 2021,4.1195,5.8011,4.9939,3.7414,4.5826,3.1695,3.3829,3.1026,53.0788,13.2120,8.5564,14.8405,0.3685,0.0289,109.8211,5.9287,0.6433,3.1026,0.0180,0.1007,2.9413,0.2509,5.6165,112.1517,2.6219,3.5116,0.2629
174,17 Jun 2021,4.1325,5.7824,4.9563,3.7324,4.5477,3.1519,3.3661,3.0921,53.2275,13.1987,8.5365,14.9018,0.3658,0.0288,110.1941,5.9495,0.6435,3.0921,0.0180,0.1010,2.9295,0.2517,5.6130,112.5056,2.6280,3.5223,0.2641
175,18 Jun 2021,4.1420,5.7684,4.9383,3.7588,4.5174,3.1282,3.3534,3.0895,53.3478,13.2037,8.5667,14.8771,0.3659,0.0288,110.4474,5.9202,0.6425,3.0895,0.0180,0.1013,2.9040,0.2523,5.5903,112.7643,2.6328,3.4945,0.2644
176,21 Jun 2021,4.1500,5.7249,4.9202,3.7794,4.4972,3.1090,3.3281,3.0810,53.4487,13.1537,8.5259,14.8495,0.3647,0.0288,110.6608,5.9292,0.6416,3.0810,0.0180,0.1015,2.8867,0.2527,5.5906,112.9821,2.6392,3.5114,0.2652
177,22 Jun 2021,4.1480,5.7713,4.9411,3.7566,4.5134,3.1174,3.3525,3.0829,53.4182,13.1141,8.5140,14.8498,0.3661,0.0288,110.6074,5.9197,0.6417,3.0829,0.0180,0.1015,2.8939,0.2526,5.5946,112.9353,2.6337,3.4984,0.2649
178,23 Jun 2021,4.1645,5.8016,4.9653,3.7598,4.5293,3.1429,3.3793,3.0941,53.6279,13.1000,8.5260,14.8777,0.3665,0.0288,111.0208,5.9406,0.6426,3.0941,0.0181,0.1019,2.9187,0.2536,5.6052,113.3768,2.6378,3.4999,0.2656
179,24 Jun 2021,4.1660,5.8139,4.9665,3.7526,4.5310,3.1553,3.3852,3.0954,53.6541,13.0637,8.5277,14.8858,0.3668,0.0288,111.0608,5.9514,0.6428,3.0954,0.0181,0.1018,2.9368,0.2537,5.6099,113.4176,2.6384,3.5056,0.2660
180,25 Jun 2021,4.1580,5.7919,4.9647,3.7508,4.5314,3.1572,3.3772,3.0978,53.5673,13.0714,8.5688,14.8840,0.3684,0.0288,110.8741,5.9412,0.6433,3.0978,0.0181,0.1017,2.9420,0.2532,5.6076,113.1998,2.6350,3.5040,0.2654
181,28 Jun 2021,4.1510,5.7643,4.9501,3.7520,4.5193,3.1492,3.3727,3.0883,53.4775,13.0125,8.5406,14.8792,0.3674,0.0287,110.6874,5.9315,0.6422,3.0883,0.0180,0.1016,2.9352,0.2528,5.5927,113.0093,2.6306,3.4962,0.2645
182,29 Jun 2021,4.1475,5.7507,4.9403,3.7527,4.5059,3.1336,3.3593,3.0872,53.4317,12.9488,8.5441,14.8573,0.3669,0.0286,110.5676,5.9251,0.6419,3.0872,0.0180,0.1015,2.9153,0.2526,5.5826,112.9140,2.6271,3.4938,0.2647
183,30 Jun 2021,4.1543,5.7547,4.9444,3.7600,4.5091,3.1252,3.3514,3.0902,53.5042,12.9537,8.5285,14.8813,0.3679,0.0286,110.7682,5.9272,0.6433,3.0902,0.0180,0.1017,2.9086,0.2530,5.5962,113.0978,2.6235,3.4980,0.2653
184,1 Jul 2021,4.1545,5.7413,4.9233,3.7396,4.4882,3.1123,3.3513,3.0874,53.5046,12.9747,8.4682,14.8942,0.3669,0.0286,110.7542,5.9261,0.6427,3.0874,0.0181,0.1016,2.9044,0.2530,5.5834,113.1046,2.6285,3.4932,0.2647
185,2 Jul 2021,4.1635,5.7325,4.9308,3.7314,4.4955,3.1074,3.3501,3.0842,53.6060,12.9502,8.4805,14.8789,0.3671,0.0286,111.0119,5.9285,0.6428,3.0842,0.0181,0.1019,2.8995,0.2536,5.5800,113.3496,2.6339,3.4896,0.2655
186,5 Jul 2021,4.1550,5.7430,4.9249,3.7392,4.5043,3.1214,3.3655,3.0856,53.4973,12.9118,8.4280,14.8930,0.3677,0.0287,110.7852,5.9164,0.6429,3.0856,0.0181,0.1017,2.9151,0.2530,5.5759,113.1182,2.6339,3.4744,0.2651
187,6 Jul 2021,4.1535,5.7669,4.9317,3.7471,4.5105,3.1432,3.3701,3.0901,53.4676,12.9272,8.4016,14.8788,0.3671,0.0287,110.7275,5.9143,0.6428,3.0901,0.0181,0.1017,2.9419,0.2530,5.5881,113.0773,2.6266,3.4936,0.2649
188,7 Jul 2021,4.1595,5.7405,4.9184,3.7607,4.5031,3.1165,3.3372,3.0867,53.5476,12.8817,8.3591,14.8546,0.3661,0.0287,110.8875,5.9240,0.6427,3.0867,0.0181,0.1018,2.9181,0.2533,5.5719,113.2407,2.6260,3.4873,0.2651
189,8 Jul 2021,4.1715,5.7496,4.9192,3.7729,4.5071,3.1136,3.3320,3.0846,53.7032,12.8671,8.3727,14.8801,0.3641,0.0287,111.2222,5.9370,0.6439,3.0846,0.0181,0.1021,2.9157,0.2540,5.5766,113.5674,2.6212,3.4940,0.2662
190,9 Jul 2021,4.1865,5.7692,4.9566,3.8095,4.5744,3.1078,3.3373,3.0927,53.8935,12.8106,8.3663,14.9275,0.3646,0.0288,111.6073,5.9602,0.6457,3.0927,0.0182,0.1025,2.9061,0.2550,5.6037,113.9757,2.6248,3.5023,0.2668
191,12 Jul 2021,4.1900,5.8184,4.9731,3.8037,4.5807,3.1306,3.3594,3.0999,53.9521,12.8488,8.3624,14.9413,0.3652,0.0289,111.7095,5.9693,0.6472,3.0999,0.0182,0.1026,2.9250,0.2552,5.6238,114.0710,2.6278,3.5083,0.2671
192,13 Jul 2021,4.1895,5.8228,4.9727,3.7955,4.5812,3.1400,3.3649,3.1024,53.9429,12.8394,8.3502,14.9663,0.3663,0.0289,111.6962,5.9688,0.6481,3.1024,0.0182,0.1026,2.9322,0.2551,5.6230,114.0574,2.6234,3.5111,0.2672
193,14 Jul 2021,4.1995,5.8035,4.9487,3.8005,4.5741,3.1324,3.3584,3.0987,54.0685,12.8661,8.3714,15.0033,0.3650,0.0290,111.9538,5.9837,0.6486,3.0987,0.0182,0.1028,2.9468,0.2558,5.6315,114.3297,2.6329,3.5232,0.2677
194,15 Jul 2021,4.1955,5.8041,4.9641,3.8191,4.5875,3.1307,3.3461,3.0996,54.0166,12.8460,8.3267,14.9946,0.3670,0.0289,111.8651,5.9692,0.6489,3.0996,0.0182,0.1028,2.9427,0.2555,5.6328,114.2208,2.6346,3.5156,0.2672
195,16 Jul 2021,4.2005,5.8133,4.9616,3.8202,4.5737,3.1241,3.3414,3.1010,54.0748,12.8377,8.3734,15.0227,0.3683,0.0289,111.9924,5.9839,0.6497,3.1010,0.0183,0.1028,2.9485,0.2558,5.6337,114.3569,2.6336,3.5218,0.2675
196,19 Jul 2021,4.2180,5.8025,4.9791,3.8361,4.5888,3.1156,3.3374,3.1064,54.2979,12.8285,8.3566,15.0329,0.3684,0.0290,112.4590,6.0008,0.6510,3.1064,0.0183,0.1033,2.9492,0.2569,5.6432,114.8333,2.6445,3.5355,0.2690
197,21 Jul 2021,4.2425,5.7776,4.9955,3.8609,4.6052,3.1025,3.3402,3.1034,54.5831,12.9069,8.4210,15.1167,0.3687,0.0292,113.1122,6.0279,0.6552,3.1034,0.0184,0.1039,2.9328,0.2584,5.6868,115.5003,2.6376,3.5535,0.2707
198,22 Jul 2021,4.2265,5.7941,4.9858,3.8379,4.6073,3.1096,3.3605,3.1028,54.3745,12.8700,8.4083,15.0833,0.3674,0.0291,112.6736,6.0010,0.6536,3.1028,0.0184,0.1035,2.9395,0.2574,5.6796,115.0647,2.6276,3.5401,0.2697
199,23 Jul 2021,4.2235,5.8120,4.9708,3.8300,4.5910,3.1155,3.3599,3.1061,54.3513,12.8257,8.3908,15.0750,0.3676,0.0291,112.6026,6.0058,0.6526,3.1061,0.0184,0.1034,2.9463,0.2572,5.6700,114.9831,2.6257,3.5448,0.2695
200,26 Jul 2021,4.2253,5.8091,4.9767,3.8298,4.5984,3.1051,3.3586,3.1049,54.3654,12.8349,8.3938,15.0456,0.3663,0.0292,112.6403,6.0007,0.6516,3.1049,0.0184,0.1035,2.9425,0.2573,5.6728,115.0307,2.6073,3.5491,0.2688
201,27 Jul 2021,4.2290,5.8481,4.9928,3.8374,4.6183,3.1216,3.3711,3.1140,54.3800,12.8592,8.4050,15.0880,0.3675,0.0292,112.7403,6.0121,0.6530,3.1140,0.0184,0.1036,2.9586,0.2575,5.6883,115.1328,2.6202,3.5515,0.2695
202,28 Jul 2021,4.2313,5.8709,5.0018,3.8538,4.6258,3.1140,3.3615,3.1112,54.3744,12.8364,8.3920,15.0895,0.3662,0.0292,112.8002,6.0135,0.6504,3.1112,0.0184,0.1036,2.9441,0.2577,5.6823,115.1941,2.6220,3.5513,0.2697
203,29 Jul 2021,4.2225,5.8807,5.0056,3.8462,4.6442,3.1147,3.3810,3.1161,54.2996,12.8500,8.3871,15.1144,0.3687,0.0291,112.5850,6.0079,0.6521,3.1161,0.0184,0.1034,2.9408,0.2572,5.6827,114.9558,2.6025,3.5480,0.2690
204,30 Jul 2021,4.2305,5.8984,5.0252,3.8629,4.6643,3.1246,3.3979,3.1259,54.4165,12.8587,8.4256,15.1414,0.3686,0.0293,112.7803,6.0390,0.6549,3.1259,0.0184,0.1036,2.9607,0.2576,5.6913,115.1736,2.6075,3.5591,0.2694
205,2 Aug 2021,4.2255,5.8726,5.0163,3.8527,4.6657,3.1026,3.3880,3.1223,54.3511,12.8240,8.4468,15.1137,0.3665,0.0292,112.6680,6.0373,0.6536,3.1223,0.0184,0.1035,2.9433,0.2573,5.6785,115.0375,2.6024,3.5489,0.2695
206,3 Aug 2021,4.2253,5.8704,5.0173,3.8673,4.6670,3.1127,3.3760,3.1255,54.3409,12.8193,8.4761,15.1277,0.3671,0.0295,112.6403,6.0331,0.6536,3.1255,0.0184,0.1034,2.9558,0.2573,5.6836,115.0307,2.5823,3.5521,0.2690
207,4 Aug 2021,4.2270,5.8861,5.0189,3.8760,4.6785,3.1297,3.3759,3.1331,54.3687,12.7820,8.5079,15.1908,0.3691,0.0295,112.6869,6.0379,0.6543,3.1331,0.0184,0.1035,2.9819,0.2574,5.6958,115.0783,2.5925,3.5564,0.2692
208,5 Aug 2021,4.2210,5.8632,4.9953,3.8486,4.6512,3.1200,3.3690,3.1239,54.2803,12.7330,8.4252,15.2042,0.3696,0.0294,112.5270,6.0245,0.6530,3.1239,0.0184,0.1033,2.9764,0.2571,5.6884,114.9150,2.5754,3.5559,0.2689
209,6 Aug 2021,4.2190,5.8733,4.9879,3.8405,4.6465,3.1172,3.3730,3.1218,54.2483,12.6431,8.4019,15.1845,0.3694,0.0294,112.5007,6.0187,0.6526,3.1218,0.0184,0.1032,2.9738,0.2569,5.6930,114.8605,2.5695,3.5552,0.2686
210,9 Aug 2021,4.2240,5.8583,4.9672,3.8323,4.6156,3.1065,3.3624,3.1156,54.2774,12.6316,8.3934,15.1822,0.3690,0.0294,112.6340,6.0160,0.6522,3.1156,0.0184,0.1033,2.9648,0.2572,5.6906,114.9967,2.5855,3.5596,0.2690
211,11 Aug 2021,4.2385,5.8612,4.9669,3.8307,4.5931,3.1111,3.3832,3.1171,54.4619,12.6977,8.4064,15.2179,0.3669,0.0295,113.0206,6.0177,0.6539,3.1171,0.0186,0.1036,2.9682,0.2581,5.6941,115.3914,2.5884,3.5594,0.2700
212,12 Aug 2021,4.2355,5.8765,4.9746,3.8382,4.5973,3.1216,3.3880,3.1220,54.4398,12.7002,8.4104,15.2364,0.3656,0.0295,112.9376,6.0079,0.6541,3.1220,0.0186,0.1036,2.9820,0.2579,5.7058,115.3098,2.5760,3.5563,0.2698
213,13 Aug 2021,4.2355,5.8509,4.9723,3.8360,4.5876,3.1106,3.3831,3.1179,54.4269,12.7269,8.3996,15.2121,0.3626,0.0294,112.9376,6.0152,0.6538,3.1179,0.0186,0.1035,2.9680,0.2579,5.7020,115.3098,2.5780,3.5648,0.2698
214,16 Aug 2021,4.2415,5.8758,5.0009,3.8776,4.6297,3.1124,3.3818,3.1278,54.4987,12.7067,8.3991,15.2276,0.3644,0.0295,113.0916,6.0244,0.6548,3.1278,0.0186,0.1037,2.9797,0.2583,5.7103,115.4731,2.5816,3.5701,0.2702
215,17 Aug 2021,4.2385,5.8557,4.9879,3.8777,4.6404,3.0975,3.3646,3.1222,54.4437,12.6674,8.3725,15.2114,0.3597,0.0295,113.0116,6.0319,0.6542,3.1222,0.0186,0.1036,2.9491,0.2581,5.7093,115.3914,2.5758,3.5676,0.2701
216,18 Aug 2021,4.2320,5.8203,4.9584,3.8597,4.6292,3.0741,3.3558,3.1111,54.3397,12.7585,8.4018,15.1886,0.3621,0.0294,112.8383,6.0174,0.6529,3.1111,0.0185,0.1034,2.9345,0.2577,5.6938,115.2145,2.5758,3.5572,0.2694
217,19 Aug 2021,4.2400,5.8175,4.9504,3.8486,4.6094,3.0547,3.3406,3.1082,54.4186,12.6958,8.3936,15.1846,0.3607,0.0294,113.0546,6.0163,0.6530,3.1082,0.0186,0.1036,2.9057,0.2582,5.7013,115.4323,2.5807,3.5693,0.2701
218,20 Aug 2021,4.2380,5.7762,4.9525,3.8613,4.6239,3.0278,3.2973,3.1077,54.4087,12.7103,8.4221,15.1265,0.3595,0.0293,113.0013,6.0077,0.6518,3.1077,0.0186,0.1036,2.8979,0.2581,5.6983,115.3778,2.5795,3.5676,0.2699
219,23 Aug 2021,4.2295,5.7724,4.9572,3.8496,4.6158,3.0287,3.3114,3.1098,54.2978,12.6924,8.4223,15.1337,0.3605,0.0294,112.7776,5.9899,0.6517,3.1098,0.0185,0.1034,2.8945,0.2576,5.6955,115.1464,2.5708,3.5535,0.2689
220,24 Aug 2021,4.2180,5.7858,4.9509,3.8428,4.6192,3.0443,3.3341,3.1089,54.1516,12.7267,8.4083,15.0902,0.3614,0.0293,112.4710,5.9831,0.6507,3.1089,0.0185,0.1031,2.9083,0.2569,5.6912,114.8333,2.5626,3.5522,0.2687
221,25 Aug 2021,4.2150,5.7826,4.9480,3.8397,4.6086,3.0521,3.3417,3.1106,54.1492,12.8154,8.4081,15.0784,0.3613,0.0293,112.3670,5.9842,0.6507,3.1106,0.0185,0.1030,2.9248,0.2567,5.6830,114.7517,2.5488,3.5505,0.2685
222,26 Aug 2021,4.1915,5.7644,4.9305,3.8127,4.5831,3.0434,3.3205,3.0966,53.8431,12.7700,8.3730,15.0015,0.3580,0.0291,111.7614,5.9526,0.6465,3.0966,0.0184,0.1025,2.9177,0.2553,5.6489,114.1119,2.5269,3.5282,0.2670
223,27 Aug 2021,4.1940,5.7447,4.9321,3.8129,4.5739,3.0360,3.3076,3.1005,53.8545,12.8443,8.3922,15.0212,0.3589,0.0291,111.8072,5.9601,0.6468,3.1005,0.0184,0.1025,2.9100,0.2554,5.6556,114.1799,2.5152,3.5318,0.2671
224,30 Aug 2021,4.1690,5.7403,4.9213,3.7981,4.5765,3.0442,3.3017,3.0954,53.5300,12.8139,8.3564,14.9819,0.3581,0.0290,111.1585,5.9204,0.6446,3.0954,0.0183,0.1019,2.9179,0.2539,5.6723,113.4993,2.5025,3.5362,0.2651
225,1 Sep 2021,4.1450,5.6940,4.8928,3.7620,4.5153,3.0323,3.2847,3.0821,53.2934,12.8061,8.2809,14.9596,0.3582,0.0290,110.5127,5.9036,0.6413,3.0821,0.0182,0.1013,2.9202,0.2524,5.6754,112.8459,2.4839,3.5485,0.2640
226,2 Sep 2021,4.1575,5.7267,4.9214,3.7792,4.5410,3.0622,3.2923,3.0906,53.4620,12.7962,8.3242,15.0107,0.3584,0.0291,110.8519,5.9171,0.6433,3.0906,0.0183,0.1016,2.9379,0.2532,5.6930,113.1862,2.4895,3.5551,0.2647
227,3 Sep 2021,4.1530,5.7455,4.9331,3.7749,4.5425,3.0741,3.3073,3.0927,53.4347,12.7471,8.3335,14.9955,0.3592,0.0291,110.7142,5.9107,0.6429,3.0927,0.0182,0.1014,2.9544,0.2529,5.6830,113.0637,2.4830,3.5526,0.2644
228,6 Sep 2021,4.1450,5.7419,4.9193,3.7742,4.5306,3.0822,3.3056,3.0883,53.3160,12.7873,8.3129,15.0170,0.3582,0.0291,110.5186,5.8993,0.6422,3.0883,0.0182,0.1012,2.9595,0.2524,5.6752,112.8475,2.4821,3.5477,0.2635
229,7 Sep 2021,4.1465,5.7419,4.9252,3.7762,4.5367,3.0848,3.3094,3.0908,53.3453,12.7703,8.3088,15.0279,0.3583,0.0292,110.5615,5.9015,0.6424,3.0908,0.0182,0.1013,2.9589,0.2525,5.6729,112.8868,2.4815,3.5446,0.2639
230,8 Sep 2021,4.1568,5.7278,4.9224,3.7689,4.5212,3.0712,3.2883,3.0886,53.4665,12.6808,8.2915,15.0042,0.3569,0.0291,110.8319,5.9274,0.6431,3.0886,0.0183,0.1016,2.9540,0.2531,5.6558,113.1658,2.4743,3.5383,0.2645
231,9 Sep 2021,4.1480,5.7091,4.9023,3.7642,4.5048,3.0513,3.2656,3.0821,53.3350,12.6695,8.2861,14.9661,0.3543,0.0291,110.5956,5.9040,0.6420,3.0821,0.0182,0.1014,2.9411,0.2526,5.6236,112.9276,2.4728,3.5221,0.2638
232,10 Sep 2021,4.1415,5.7364,4.8992,3.7693,4.5178,3.0581,3.2762,3.0901,53.2635,12.6729,8.3038,14.9723,0.3544,0.0291,110.4076,5.9004,0.6424,3.0901,0.0182,0.1012,2.9504,0.2522,5.6350,112.7506,2.4652,3.5214,0.2636
233,13 Sep 2021,4.1430,5.7341,4.8908,3.7681,4.5101,3.0472,3.2688,3.0861,53.2660,12.6388,8.2914,14.9545,0.3526,0.0291,110.4623,5.9064,0.6421,3.0861,0.0182,0.1013,2.9469,0.2414,5.6277,112.7915,2.4632,3.5227,0.2637
234,14 Sep 2021,4.1490,5.7445,4.9025,3.7698,4.5005,3.0506,3.2809,3.0899,53.3376,12.6033,8.3117,14.9838,0.3540,0.0291,110.6194,5.9020,0.6435,3.0899,0.0182,0.1014,2.9516,0.2412,5.6360,112.9548,2.4667,3.5197,0.2639
235,15 Sep 2021,4.1595,5.7424,4.9107,3.7946,4.5234,3.0452,3.2786,3.0966,53.4723,12.6544,8.3415,15.0228,0.3551,0.0292,110.8993,5.9236,0.6456,3.0966,0.0183,0.1017,2.9508,0.2396,5.6446,113.2407,2.4730,3.5283,0.2647
236,17 Sep 2021,4.1700,5.7531,4.9077,3.7963,4.4984,3.0422,3.2903,3.0984,53.5900,12.5716,8.3500,15.0498,0.3536,0.0293,111.1674,5.9342,0.6461,3.0984,0.0183,0.1019,2.9482,0.2402,5.6729,113.5265,2.4859,3.5450,0.2654
237,20 Sep 2021,4.1890,5.7431,4.9057,3.8104,4.4920,3.0297,3.2743,3.0992,53.7910,12.5532,8.3504,15.0475,0.3528,0.0294,111.7007,5.9591,0.6478,3.0992,0.0184,0.1024,2.9398,0.2421,5.6732,114.0438,2.4943,3.5630,0.2666
238,21 Sep 2021,4.1895,5.7273,4.9151,3.8217,4.5158,3.0449,3.2798,3.1012,53.8168,12.5472,8.3648,15.0723,0.3540,0.0294,111.7170,5.9439,0.6479,3.1012,0.0184,0.1024,2.9419,0.2413,5.6936,114.0574,2.4754,3.5509,0.2664
239,22 Sep 2021,4.1885,5.7175,4.9089,3.8260,4.5293,3.0323,3.2733,3.0963,53.7946,12.5254,8.3362,15.0731,0.3538,0.0294,111.6844,5.9463,0.6472,3.0963,0.0184,0.1024,2.9361,0.2413,5.6819,114.0302,2.4763,3.5561,0.2668
240,23 Sep 2021,4.1865,5.7110,4.9009,3.8123,4.5201,3.0300,3.2816,3.0974,53.7727,12.4635,8.3164,15.0735,0.3547,0.0294,111.6073,5.9427,0.6475,3.0974,0.0184,0.1024,2.9308,0.2412,5.6741,113.9757,2.4755,3.5419,0.2665
241,24 Sep 2021,4.1810,5.7380,4.9089,3.7863,4.5210,3.0521,3.3002,3.0972,53.7148,12.5744,8.2973,15.0955,0.3554,0.0294,111.4755,5.9329,0.6471,3.0972,0.0184,0.1022,2.9568,0.2401,5.6647,113.8260,2.4682,3.5482,0.2663
242,27 Sep 2021,4.1850,5.7224,4.9057,3.7848,4.5221,3.0458,3.3129,3.0950,53.7659,12.5150,8.2107,15.1110,0.3559,0.0293,111.5732,5.9387,0.6479,3.0950,0.0184,0.1021,2.9370,0.2394,5.6763,113.9349,2.4698,3.5490,0.2664
243,28 Sep 2021,4.1830,5.7326,4.8906,3.7608,4.5126,3.0530,3.3175,3.0897,53.7550,12.4272,8.2052,15.0913,0.3538,0.0293,111.5169,5.9303,0.6480,3.0897,0.0184,0.1023,2.9346,0.2397,5.6640,113.8805,2.4649,3.5404,0.2663
244,29 Sep 2021,4.1850,5.6690,4.8902,3.7561,4.5029,3.0339,3.3000,3.0828,53.7683,12.3488,8.2060,15.0523,0.3530,0.0293,111.5673,5.9232,0.6471,3.0828,0.0184,0.1024,2.9082,0.2394,5.6411,113.9349,2.4575,3.5325,0.2664
245,30 Sep 2021,4.1880,5.6352,4.8598,3.7423,4.4866,3.0168,3.2884,3.0770,53.7854,12.3540,8.2239,15.0320,0.3532,0.0293,111.6532,5.9199,0.6475,3.0770,0.0184,0.1024,2.8822,0.2396,5.6396,114.0166,2.4510,3.5299,0.2666
246,1 Oct 2021,4.1845,5.6302,4.8440,3.7646,4.4908,3.0204,3.2898,3.0763,53.7384,12.3912,8.2210,15.0192,0.3522,0.0292,111.5539,5.8954,0.6491,3.0763,0.0184,0.1023,2.8848,0.2394,5.6309,113.9213,2.4471,3.5232,0.2662
247,4 Oct 2021,4.1720,5.6468,4.8358,3.7564,4.4822,3.0297,3.3026,3.0736,53.5775,12.3872,8.2175,14.9760,0.3528,0.0292,111.2385,5.8895,0.6472,3.0736,0.0183,0.1019,2.8933,0.2387,5.6243,113.5810,2.4452,3.5180,0.2649
248,5 Oct 2021,4.1800,5.6829,4.8484,3.7602,4.5123,3.0378,3.3138,3.0772,53.6923,12.3669,8.2503,14.9671,0.3519,0.0293,111.4518,5.9076,0.6484,3.0772,0.0184,0.1021,2.9013,0.2391,5.6008,113.7988,2.4445,3.5154,0.2661
249,6 Oct 2021,4.1795,5.6902,4.8457,3.7439,4.4999,3.0370,3.3173,3.0787,53.6804,12.3362,8.2351,14.9658,0.3512,0.0294,111.4444,5.9043,0.6483,3.0787,0.0184,0.1021,2.8972,0.2391,5.6024,113.7852,2.4442,3.5086,0.2660
250,7 Oct 2021,4.1815,5.6804,4.8319,3.7527,4.5079,3.0460,3.3225,3.0780,53.7088,12.3603,8.2370,14.9494,0.3516,0.0293,111.4977,5.8938,0.6486,3.0780,0.0184,0.1022,2.8940,0.2169,5.5908,113.8396,2.4436,3.4855,0.2663
251,8 Oct 2021,4.1820,5.6915,4.8310,3.7394,4.4994,3.0554,3.3333,3.0790,53.7132,12.3509,8.2894,14.9272,0.3503,0.0294,111.5111,5.9005,0.6484,3.0790,0.0184,0.1022,2.8990,0.2167,5.5818,113.8532,2.4474,3.4952,0.2664
252,11 Oct 2021,4.1680,5.6839,4.8234,3.6985,4.4892,3.0501,3.3436,3.0770,53.5543,12.3314,8.2193,14.8555,0.3490,0.0293,111.1378,5.8805,0.6475,3.0770,0.0183,0.1019,2.8893,0.2160,5.5500,113.4736,2.4392,3.4738,0.2655
253,12 Oct 2021,4.1720,5.6725,4.8228,3.6824,4.4971,3.0612,3.3403,3.0767,53.6323,12.4649,8.2162,14.8122,0.3479,0.0293,111.2415,5.8862,0.6465,3.0767,0.0183,0.1021,2.8931,0.2162,5.5289,113.5810,2.4387,3.4601,0.2654
254,13 Oct 2021,4.1585,5.6614,4.8037,3.6650,4.4742,3.0511,3.3387,3.0700,53.4436,12.4674,8.2117,14.7774,0.3483,0.0292,110.8608,5.8593,0.6451,3.0700,0.0183,0.1017,2.8862,0.2224,5.5176,113.2135,2.4283,3.4418,0.2647
255,14 Oct 2021,4.1563,5.6814,4.8190,3.6604,4.5013,3.0706,3.3439,3.0795,53.4284,12.5264,8.2147,14.7899,0.3499,0.0293,110.8127,5.8577,0.6454,3.0795,0.0183,0.1017,2.9006,0.2247,5.5210,113.1522,2.4288,3.4466,0.2645
256,15 Oct 2021,4.1580,5.6904,4.8266,3.6495,4.5049,3.0836,3.3639,3.0834,53.4434,12.5015,8.2052,14.8214,0.3516,0.0295,110.8564,5.8727,0.6460,3.0834,0.0183,0.1018,2.9314,0.2272,5.5449,113.1998,2.4280,3.4531,0.2645
257,18 Oct 2021,4.1640,5.7170,4.8227,3.6400,4.5024,3.0830,3.3602,3.0839,53.5346,12.4373,8.1888,14.8674,0.3509,0.0295,111.0163,5.8791,0.6468,3.0839,0.0183,0.1019,2.9448,0.2269,5.5339,113.3632,2.4315,3.4580,0.2652
258,20 Oct 2021,4.1555,5.7377,4.8387,3.6288,4.4971,3.1131,3.3665,3.0929,53.4401,12.4342,8.1809,14.9215,0.3537,0.0295,110.7808,5.8837,0.6503,3.0929,0.0183,0.1017,2.9805,0.2296,5.5320,113.1318,2.4073,3.4471,0.2643
259,21 Oct 2021,4.1565,5.7493,4.8486,3.6393,4.5253,3.1311,3.3797,3.0964,53.4660,12.4670,8.1773,14.9123,0.3538,0.0294,110.8075,5.8768,0.6504,3.0964,0.0183,0.1018,2.9958,0.2296,5.5519,113.1590,2.3943,3.4695,0.2647
260,22 Oct 2021,4.1580,5.7362,4.8345,3.6450,4.5302,3.1087,3.3675,3.0906,53.4798,12.4528,8.1722,14.9134,0.3529,0.0294,110.8564,5.8827,0.6498,3.0906,0.0183,0.1018,2.9800,0.2297,5.5579,113.1998,2.3952,3.4712,0.2648
261,25 Oct 2021,4.1495,5.7186,4.8400,3.6516,4.5342,3.1067,3.3611,3.0864,53.3801,12.5287,8.1764,14.8898,0.3551,0.0293,110.6297,5.8716,0.6501,3.0864,0.0182,0.1016,2.9731,0.2305,5.5377,112.9684,2.3783,3.4628,0.2643
262,26 Oct 2021,4.1470,5.7086,4.8109,3.6404,4.5042,3.1161,3.3512,3.0790,53.3431,12.5249,8.1571,14.8996,0.3558,0.0293,110.5631,5.8658,0.6497,3.0790,0.0182,0.1015,2.9755,0.2317,5.5264,112.9004,2.3745,3.4521,0.2636
263,27 Oct 2021,4.1490,5.7130,4.8135,3.6396,4.5125,3.1203,3.3483,3.0771,53.3500,12.4670,8.1664,14.9207,0.3547,0.0292,110.6164,5.8700,0.6498,3.0771,0.0182,0.1016,2.9709,0.2344,5.5311,112.9548,2.3668,3.4592,0.2640
